{
    "null": {
        "0": {
            "test_R2Score": 0.943291425704956,
            "test_MeanAbsoluteError": 0.4457252621650696
        }
    }
}