{
    "5000": {
        "0": {
            "test_R2Score": 0.9260666966438293,
            "test_MeanAbsoluteError": 0.23809877038002014
        }
    }
}