{
    "null": {
        "0": {
            "test_R2Score": 0.9155566692352295,
            "test_MeanAbsoluteError": 0.06343133747577667
        }
    }
}