{
    "null": {
        "0": {
            "test_R2Score": 0.8160423636436462,
            "test_MeanAbsoluteError": 0.024420056492090225
        }
    }
}