{
    "5000": {
        "0": {
            "test_R2Score": 0.9089321494102478,
            "test_MeanAbsoluteError": 1.2559540271759033
        }
    }
}