{
    "null": {
        "0": {
            "test_R2Score": 0.9106636047363281,
            "test_MeanAbsoluteError": 0.0021697848569601774
        }
    }
}