{
    "null": {
        "0": {
            "test_R2Score": 0.9059041738510132,
            "test_MeanAbsoluteError": 0.02404870092868805
        }
    }
}