{
    "null": {
        "0": {
            "test_R2Score": 0.9045348167419434,
            "test_MeanAbsoluteError": 0.013011140748858452
        }
    }
}