{
    "null": {
        "0": {
            "test_R2Score": 0.9506489038467407,
            "test_MeanAbsoluteError": 0.009985050186514854
        }
    }
}