{
    "null": {
        "0": {
            "test_R2Score": 0.8976038694381714,
            "test_MeanAbsoluteError": 0.0013078158954158425
        }
    }
}