{
    "null": {
        "0": {
            "test_R2Score": 0.9349827766418457,
            "test_MeanAbsoluteError": 0.20179975032806396
        }
    }
}