{
    "null": {
        "0": {
            "test_R2Score": 0.8726584911346436,
            "test_MeanAbsoluteError": 0.0028573167510330677
        }
    }
}