{
    "null": {
        "0": {
            "test_R2Score": 0.9431016445159912,
            "test_MeanAbsoluteError": 0.058974575251340866
        }
    }
}